trackingTime,trialNumber,phaseNumber
1.093145,1,3
0.8258591,2,3
0.8751278,3,3
0.8497906,4,3
0.8873215,5,3
