trackingTime,trialNumber,phaseNumber
12.45556,1,3
1.763394,2,3
0.9241104,3,3
2.96209,4,3
1.008194,5,3
